{
  "project_info": {
    "project_number": "896598232995",
    "firebase_url": "https://finalyear-15db7-default-rtdb.firebaseio.com",
    "project_id": "finalyear-15db7",
    "storage_bucket": "finalyear-15db7.appspot.com"
  },
  "client": [
    {
      "client_info": {
        "mobilesdk_app_id": "1:896598232995:android:5c528f8080c93b567c1416",
        "android_client_info": {
          "package_name": "com.example.schoolproject"
        }
      },
      "oauth_client": [
        {
          "client_id": "896598232995-7cjhp04fe27jbdhorlkr9dl8djv237n2.apps.googleusercontent.com",
          "client_type": 1,
          "android_info": {
            "package_name": "com.example.schoolproject",
            "certificate_hash": "5022e7bdbfd2e92c7170f49b86a6b13f651395cc"
          }
        },
        {
          "client_id": "896598232995-qmlje4qtqoi4c34oavrbqvklt4n1f0t8.apps.googleusercontent.com",
          "client_type": 3
        }
      ],
      "api_key": [
        {
          "current_key": "AIzaSyASHTKnOiH5Uvv5uDcCmEcoqcZtuu000yA"
        }
      ],
      "services": {
        "appinvite_service": {
          "other_platform_oauth_client": [
            {
              "client_id": "896598232995-qmlje4qtqoi4c34oavrbqvklt4n1f0t8.apps.googleusercontent.com",
              "client_type": 3
            }
          ]
        }
      }
    },
    {
      "client_info": {
        "mobilesdk_app_id": "1:896598232995:android:652604ada17514c87c1416",
        "android_client_info": {
          "package_name": "com.example.z_cabs"
        }
      },
      "oauth_client": [
        {
          "client_id": "896598232995-qmlje4qtqoi4c34oavrbqvklt4n1f0t8.apps.googleusercontent.com",
          "client_type": 3
        }
      ],
      "api_key": [
        {
          "current_key": "AIzaSyASHTKnOiH5Uvv5uDcCmEcoqcZtuu000yA"
        }
      ],
      "services": {
        "appinvite_service": {
          "other_platform_oauth_client": [
            {
              "client_id": "896598232995-qmlje4qtqoi4c34oavrbqvklt4n1f0t8.apps.googleusercontent.com",
              "client_type": 3
            }
          ]
        }
      }
    }
  ],
  "configuration_version": "1"
}